{
  "build_time": 0.025651857256889343,
  "retrieve_time": 0.018263559341430664
}